{"cameraMode":{"drawMode":0,"name":"Shaded","section":"Shading Mode"},"sceneLighting":false,"audioPlay":false,"sceneViewState":{"showFog":true,"showMaterialUpdate":false,"showSkybox":true,"showFlares":true,"showImageEffects":true,"showParticleSystems":true},"in2DMode":false,"pivot":{"x":-4.1963605880737309,"y":8.489163398742676,"z":14.527663230895996},"rotation":{"x":0.050893090665340427,"y":0.5715591907501221,"z":-0.035564761608839038,"w":0.8182764053344727},"size":20.028745651245118,"orthographic":false}